userId,email,firstName,lastName,address_city,address_state,address_zip
1001,hblack@example.com,Brandon,Franklin,Whiteville,ND,04353
1002,kennethhenson@example.org,Lisa,Palmer,South Heidi,CA,90813
1003,qyoder@example.org,Michael,Romero,New Christine,WA,94581
1004,jamesgibbs@example.net,Michael,Holder,West Davidfurt,IA,78211
1005,mitchellkevin@example.org,Kendra,Pena,North James,OH,80704
1006,jessica02@example.com,John,Vargas,New Paulmouth,CA,96581
1007,snydergeorge@example.com,Thomas,Lucas,East Jacquelinefurt,SC,53212
1008,jeffgrant@example.com,Heidi,Beck,Kellyfurt,ID,70646
1009,jmiddleton@example.net,Nicholas,Stewart,Moralesborough,IA,95646
1010,charlene13@example.com,Joseph,Hubbard,Lake Kimberly,WV,05203
1011,fdaniel@example.org,Kevin,Cannon,North Heatherberg,VT,42945
1012,twagner@example.com,Angela,Barnes,Bautistaton,FL,25315
1013,angela75@example.com,Lauren,Woods,North Wandaville,NM,71942
1014,antoniobryant@example.net,Amanda,Reyes,Jordanland,WI,76565
1015,jeremybarber@example.org,Sandra,Cox,South Matthewton,AS,35713
1016,carpenterjanet@example.com,Anthony,Wells,Sherryport,OR,21983
1017,joel44@example.org,Richard,Green,Jonesstad,MA,68500
1018,haley43@example.org,Elizabeth,Case,Port Dianestad,IL,83448
1019,cynthia58@example.com,Mallory,Ewing,West Ricardo,IN,92739
1020,jesse78@example.com,Brittany,Harris,South Deannaside,IL,32869
1021,timothyadams@example.com,Samantha,Wolfe,Mcdanielland,NM,43137
1022,robertshaw@example.org,Karen,Barron,New Marioborough,KY,09287
1023,robertsroger@example.net,Theresa,Collins,Rachelport,WA,61031
1024,andreduncan@example.net,Kristin,Duncan,Amystad,IA,43344
1025,zyoung@example.org,Matthew,Robles,Dianatown,MH,93168
1026,mark70@example.com,Jason,Jensen,Ricardobury,FL,88413
1027,lreynolds@example.com,Michelle,Hill,Strongchester,ND,87511
1028,aprilcline@example.org,Jennifer,White,Harrisfort,AL,00589
1029,vspencer@example.net,John,Carroll,Kristamouth,VA,10251
1030,brewerbrittany@example.com,Joshua,Hansen,West Lucasborough,VT,18040
1031,ryan43@example.net,Ian,Obrien,Jamesshire,MI,70152
1032,moonelizabeth@example.org,Joseph,Hughes,Manningtown,CO,31210
1033,nbond@example.com,Richard,Hall,Silvamouth,MA,33583
1034,fbaker@example.com,Jason,Bryan,Gilmoreview,GA,22255
1035,kelly74@example.com,Aaron,Mcintyre,Parkmouth,MS,15288
1036,lindanixon@example.net,Jessica,Harris,Robertville,CO,53101
1037,kjohnson@example.com,Jeffrey,Guerrero,South Jennaberg,PA,53190
1038,hthompson@example.net,Brian,Ramsey,South Charles,AK,65211
1039,matthewwalker@example.org,Teresa,Hawkins,Kennedymouth,VI,30693
1040,brittanybradley@example.org,Amanda,Hayes,Nataliefurt,MN,05979
1041,whall@example.org,Thomas,Sanders,Georgemouth,IL,49284
1042,george89@example.com,Cindy,Padilla,Rebeccaborough,NE,34592
1043,yduarte@example.net,Rachel,Dominguez,New Martinhaven,ND,62395
1044,christian14@example.com,Glenn,Morris,Randolphville,KS,17188
1045,youngclaudia@example.org,Jonathan,Horton,South Patrickbury,IA,85368
1046,brownmatthew@example.com,Ashley,Garcia,West Reneebury,VT,67026
1047,williamjacobs@example.org,Timothy,Miller,North Gary,IL,22820
1048,xdunn@example.net,Jessica,Garcia,East Andrea,DE,46189
1049,brookssamantha@example.net,Anna,Barnes,East Jocelyn,IL,91180
1050,kristen82@example.org,Pamela,Carter,Lake Tammymouth,IN,70004
1051,zsmith@example.org,Pamela,Young,Port Curtis,DE,85422
1052,mccoysarah@example.com,Chelsea,Davis,Lake Jeremy,HI,17758
1053,reynoldstaylor@example.net,Gary,Brown,Lake Sheri,VT,33138
1054,cynthia38@example.org,Alice,Anderson,Port Marcusland,PR,06117
1055,larakristen@example.net,Corey,Sanchez,West Jessica,MP,60990
1056,tranmegan@example.net,Mark,Brown,Jenkinsville,NY,33694
1057,hickmanhaley@example.net,Donna,Carter,Port William,OH,31011
1058,woodjennifer@example.com,Thomas,Cantu,Mooretown,FL,88797
1059,barkerjennifer@example.org,John,Cisneros,West Michael,VA,33594
1060,nmorris@example.org,David,Beard,South Morgantown,CA,28643
1061,stephensreginald@example.org,Matthew,Raymond,Ramosport,SC,07186
1062,maria86@example.org,Shelby,Flores,Markland,FL,20377
1063,robertsmichele@example.net,Brandon,Horton,New Daniel,MD,95196
1064,vbaldwin@example.net,Heidi,Thompson,Samanthafort,RI,61163
1065,ybrowning@example.net,Patricia,Arnold,North Kathleen,NE,90386
1066,qnorris@example.com,Ruben,Krause,Shannonfort,SD,98122
1067,lori12@example.net,Adam,Davidson,Meyersborough,NY,41242
1068,pdavid@example.com,Robert,Wall,Floresborough,AS,48521
1069,cruiz@example.net,Laura,Brown,Tateview,MN,51122
1070,onealeric@example.com,Jo,Hunter,Kellyfurt,KY,70849
1071,kayla83@example.net,Terri,Evans,Bennettport,OR,45047
1072,robert32@example.com,James,Jenkins,South Andrewport,RI,67466
1073,justin84@example.com,Gina,Cooper,West Heatherberg,AZ,95640
1074,jsmith@example.com,Taylor,Rios,Jamesfort,NC,03254
1075,monroeelizabeth@example.com,Zachary,Gray,Brownborough,MO,09572
1076,claudia96@example.com,David,Peterson,Evansland,AS,28710
1077,laurieturner@example.org,Jill,Cummings,Penaburgh,AK,33569
1078,brownmargaret@example.org,Erik,Green,Gallaghertown,IA,02665
1079,ahenry@example.net,Dominique,Rubio,New Kimberlyfurt,GA,50460
1080,virginia10@example.net,James,Garcia,East Robertchester,WA,12480
1081,cwells@example.com,Shane,Sullivan,North Feliciaville,CT,14033
1082,bjenkins@example.org,Lisa,Cox,North April,AL,88863
1083,jhill@example.net,Jeffrey,Wilkerson,Williamsmouth,MN,65944
1084,preilly@example.net,Matthew,Phillips,Campbellmouth,NY,57094
1085,foxtravis@example.net,Kimberly,Robinson,Brianville,AR,89379
1086,angel50@example.net,Jeffrey,Burnett,South Jeffery,AL,66590
1087,seangraham@example.com,Dustin,Chavez,Kelseyhaven,MN,81776
1088,mhuynh@example.net,Charles,Thompson,West Devinhaven,MD,41074
1089,kathrynwalker@example.net,Carrie,Parsons,North Nicole,OR,54020
1090,richardschristopher@example.com,Kelly,Thompson,South Teresamouth,AZ,91465
1091,michael62@example.org,Stephanie,Wong,Lewismouth,GA,42173
1092,john18@example.com,Jose,Oconnell,Allenhaven,NJ,08968
1093,clinejose@example.org,Erica,Santiago,North Peterfort,TX,07377
1094,daviserica@example.org,Joseph,Mckinney,Port Brian,MN,84059
1095,olopez@example.com,Colleen,Yu,Markville,NY,73993
1096,janetmccarthy@example.net,Bryan,Ellis,Holmesport,WA,31121
1097,jennifer55@example.net,Grant,Webb,Jessicahaven,RI,95777
1098,reedshawn@example.net,Jennifer,Cannon,Robinton,MD,46918
1099,acampos@example.org,David,Martinez,North Adam,AZ,87330
1100,claymichelle@example.org,Julia,Smith,Robertmouth,IL,03033
1101,alexandrasmith@example.org,Leah,Wells,Prestonburgh,MH,62942
1102,jennifer32@example.com,Laura,Elliott,Benitezview,SD,92031
1103,elizabeth04@example.com,Anthony,Alvarado,New Catherine,CA,32839
1104,afranklin@example.net,Dan,Wolf,Navarrofort,NM,50415
1105,greed@example.com,Kimberly,Pacheco,Georgeborough,DE,77146
1106,kevin45@example.net,Nicole,Francis,Francisside,PA,41206
1107,olsenkathleen@example.com,Brandon,Landry,Morganland,NJ,94451
1108,tsmith@example.org,Alicia,Perez,Lake John,IL,56925
1109,corey69@example.org,Gregory,Brown,Gabriellebury,SC,11039
1110,macdonaldsteven@example.org,Mark,Blackburn,Walshport,ID,70789
1111,ffrench@example.net,Nicholas,Dunn,North Emily,MP,59604
1112,matthew39@example.net,Michael,Peterson,New William,UT,60488
1113,daniel44@example.com,Stephanie,Fleming,Mcgeetown,NY,49237
1114,dcampbell@example.net,Jack,Yang,East Ashley,ID,23978
1115,nashmary@example.org,Abigail,Jensen,Barbarafurt,MA,82361
1116,russellpollard@example.net,Erin,Ball,South Rachaelfurt,NH,88983
1117,ayersbrittany@example.net,Chad,Tran,Jenniferport,SD,23681
1118,daryl33@example.net,Thomas,Bailey,Davidsonville,CA,72299
1119,simsedward@example.net,Jenna,Carpenter,Carlachester,NM,78420
1120,justinlarson@example.net,Dennis,Walker,Marymouth,CO,82614
1121,kyle04@example.com,Heather,Garza,Lake Annettefort,GU,89662
1122,emilyblake@example.com,Anthony,Patterson,South Bethanyland,MA,64906
1123,gherman@example.net,Amy,Hubbard,Jaredtown,RI,40852
1124,margaret16@example.net,Julie,Hughes,Paultown,NY,89442
1125,jmoore@example.org,Amanda,Buck,Wadetown,MP,20597
1126,perezjeremy@example.net,Kaitlyn,James,Leefort,HI,65252
1127,zburnett@example.org,Yolanda,Hoover,Alejandramouth,MA,44740
1128,devinpatterson@example.org,Angela,Romero,Lake Tonyachester,IL,05492
1129,lbryant@example.com,Sierra,Gutierrez,New Danielbury,KY,47324
1130,whitemichelle@example.org,Erika,Dickson,Oliverberg,TN,59398
1131,qcantu@example.com,Glenn,Owen,Barkerville,NM,70882
1132,jackgibbs@example.org,James,Butler,West Bradleyborough,NY,68199
1133,ernestthompson@example.com,Benjamin,Rivera,Ianville,NC,89961
1134,sanchezkenneth@example.net,Lance,Golden,Elizabethtown,AR,01221
1135,kingjohn@example.com,Thomas,Weber,Suttonberg,AK,84688
1136,hernandezmeredith@example.com,Mark,Gray,Angelachester,ME,37187
1137,zdaugherty@example.com,Christopher,Bray,Annetteborough,MI,61255
1138,jeffrey85@example.org,Laura,Williams,Lake Jacobland,NV,87540
1139,grayjoseph@example.org,Hunter,Bailey,East Aaronburgh,AK,62249
1140,vmay@example.com,Seth,Webster,Donnaville,WA,83673
1141,sheryl70@example.com,Miranda,Hansen,Garciaburgh,MH,63758
1142,shannoncisneros@example.com,Cynthia,Baker,Hughesborough,NV,49250
1143,jefferyphillips@example.org,Jesse,Bolton,South Robert,IA,94410
1144,jessicaclay@example.org,Vanessa,Hanna,North April,NM,65128
1145,natasha58@example.com,Christine,Reynolds,New Paul,VI,42819
1146,kellythomas@example.net,Traci,Sanders,North Joshuafort,DC,97681
1147,jessicawilliams@example.net,Harry,Arias,West Kimton,CT,74510
1148,ellismelissa@example.org,Laura,Rodriguez,South Justinfurt,AL,63934
1149,dayholly@example.org,Brittany,Skinner,Charlesville,VT,75009
1150,samantha80@example.org,Kent,Carter,Lake Johnfurt,OH,91595
1151,vrichards@example.net,Shannon,Huerta,Lake Deborah,PR,46534
1152,vchristensen@example.com,Shawn,Foster,Kelseyville,CT,91321
1153,mitchell80@example.com,Michelle,Vega,Port Austinhaven,WY,32302
1154,richardlopez@example.com,Deborah,Morgan,North Michaelberg,NC,99536
1155,natashawilliams@example.net,Christine,Becker,Veronicaton,ND,74881
1156,hinessophia@example.net,Brooke,Jenkins,East Mauriceville,VA,33642
1157,anthony66@example.com,Kyle,Webb,Lake Micheleberg,NH,91304
1158,imills@example.net,Jonathan,Dudley,Port Diana,SD,46869
1159,wendysilva@example.org,Justin,Hernandez,Jonesmouth,SD,85494
1160,tylerferguson@example.com,Brenda,Little,New Lauraville,GU,80672
1161,wevans@example.org,John,Simmons,Leefort,SD,39331
1162,lynchcurtis@example.com,Bryan,Johnson,Edwinmouth,UT,89277
1163,paulgreene@example.com,Matthew,Smith,South Alyssastad,NH,82123
1164,karina61@example.org,Emily,Klein,Karenfort,MT,69779
1165,zmcdowell@example.net,Carl,Hester,Michelletown,NM,34481
1166,ricecynthia@example.org,Blake,Fields,Dianetown,IA,63190
1167,spatel@example.org,Gary,Green,Crawfordport,DE,49778
1168,fordjames@example.com,Mark,Gonzalez,Coxville,GA,05309
1169,jmurray@example.net,Valerie,Joyce,Jaclynside,RI,98999
1170,richardbaker@example.com,Steven,Klein,Solisshire,MO,05755
1171,justin71@example.net,Frank,Brown,Murphyport,PR,45998
1172,kaylafoster@example.org,Thomas,Wells,Johnsonmouth,GU,92794
1173,carla95@example.com,Norman,Meyer,Whiteshire,GU,34602
1174,burnsluis@example.com,Anita,Hickman,North Robert,IA,20926
1175,ustewart@example.com,James,Alvarez,Cindyshire,PW,34773
1176,ctucker@example.com,Paula,Wilson,Adamsborough,KY,72725
1177,fsmith@example.org,Kyle,Randolph,Jenniferhaven,WV,03485
1178,david63@example.org,Kathy,Hopkins,Garciaburgh,VA,14720
1179,kellycorey@example.net,Steven,Pittman,Francomouth,AZ,90107
1180,slopez@example.net,Megan,Jones,Lake Brian,AK,07326
1181,grahamapril@example.com,Kaitlin,Lowe,Jessicaton,CT,06032
1182,nelsonjesus@example.org,Jordan,Perez,East Caleb,SC,80124
1183,vancepenny@example.org,John,Ponce,New Jamesshire,AK,14810
1184,jeffrey31@example.com,Megan,Simpson,Lake Margaretside,FM,55040
1185,hcarpenter@example.com,Abigail,Garcia,Maciasstad,UT,13457
1186,danieledwards@example.net,Michael,Lloyd,Jillianburgh,ND,82806
1187,ray57@example.net,Cynthia,Valentine,Millstown,IL,79287
1188,kbryant@example.org,Marc,Gates,Melissaton,MI,48442
1189,curtiswhite@example.net,Dawn,Davis,Leahland,IA,70174
1190,brownjordan@example.com,Samuel,Herrera,Cynthiafort,AS,67428
1191,ryan32@example.com,Thomas,Wallace,South Tammie,OR,31950
1192,ufields@example.net,Sandra,Pierce,Elizabethshire,RI,41224
1193,pamelajohnson@example.com,Jonathan,Martin,Lake Patrickberg,HI,99479
1194,uroberts@example.com,Caroline,Mitchell,West Linda,FM,45632
1195,brianpowell@example.net,Nathan,Jackson,Pittmanshire,MN,44423
1196,solsen@example.com,Morgan,Jenkins,Davisburgh,MP,84349
1197,nguyenkendra@example.net,Aaron,Obrien,Richardsonside,VT,36049
1198,hallbrian@example.com,Terri,Jones,Williamport,NC,18813
1199,ialvarado@example.com,Angela,Anderson,East Sarastad,AL,07361
1200,michaeldavis@example.org,Jennifer,Jacobson,Haroldfort,LA,30725
1201,hyoung@example.net,Kyle,Garza,Thomasfort,SD,79802
1202,fullerangela@example.net,Nicole,Garner,East Darryl,AR,77135
1203,vadams@example.net,Edward,Murray,South Julie,VT,83475
1204,thomasmartha@example.net,Hannah,King,Walkerfurt,OK,66502
1205,ulopez@example.net,Shaun,Travis,Sotoland,VT,58032
1206,christophermartinez@example.com,Christopher,Moses,Port Darrenville,OK,08702
1207,gravesdonald@example.com,Angela,Wright,Sherriberg,ME,68160
1208,gherring@example.net,Paula,Richardson,West Victorburgh,ID,13596
1209,jacqueline94@example.org,Ann,Leblanc,Lake Brittany,MO,36265
1210,karen78@example.org,Dean,Gallagher,New Scott,IN,35715
1211,charles08@example.org,Nathan,Chambers,East Cynthiaside,OH,66354
1212,mitchelljason@example.net,Annette,Hall,Morganhaven,MD,73958
1213,courtney30@example.net,Melissa,Benton,Jennifermouth,SD,51731
1214,cody15@example.org,Robert,Carter,Jasmineland,CO,22766
1215,daniellejackson@example.net,Eric,Alvarado,South Michelle,AZ,30880
1216,matthewaguirre@example.com,Dana,Adams,West Ashley,TN,48149
1217,howardbrian@example.net,Lisa,Ballard,Jenniferburgh,NY,51922
1218,jamesmartin@example.org,Natasha,Rogers,Lake Gabriela,IA,20900
1219,manuel54@example.org,Thomas,Foster,Colemanfort,VI,25824
1220,melissa62@example.com,Danielle,Hull,Sherriport,AZ,88935
1221,clarkgregory@example.org,Shelby,Sharp,East Brian,PW,03338
1222,fwhite@example.org,Kevin,Davis,New Jennifer,OK,88973
1223,randywhite@example.com,Rachel,Palmer,North Patriciatown,NM,41103
1224,toddrivera@example.net,Tammy,Lane,Mcclureborough,SC,98484
1225,collinsvirginia@example.org,David,Rose,South Gabrielle,VA,11078
1226,kristine23@example.net,Alexander,Sims,Gonzaleztown,AZ,98610
1227,xschneider@example.net,Tammy,Moore,Joelfort,MP,87904
1228,myerssheri@example.net,Charlene,Ward,New Vincentport,WY,32127
1229,scottfields@example.net,Darren,Norris,New Trevor,KS,00984
1230,teresa60@example.org,Mario,Evans,Port Alisonburgh,DC,01414
1231,michaelsolis@example.net,Kevin,Turner,East Marissa,AS,29315
1232,acook@example.net,Adam,Baldwin,North Daniel,OR,61467
1233,alyssa80@example.org,Michael,Williams,East Laura,AZ,73201
1234,daniel03@example.com,Kelsey,Oconnor,Smithside,ME,50427
1235,wadekelly@example.org,Debbie,Mann,Murrayton,AZ,74309
1236,anthonysoto@example.net,Sherry,Sweeney,Guzmanville,NV,41546
1237,parker33@example.net,Teresa,Carpenter,North Sandrafort,PR,46799
1238,nicholascarr@example.net,Vanessa,Pratt,Christophermouth,AS,34621
1239,mauriceyoung@example.net,Andrea,Reed,Lake Daniel,IA,91473
1240,sguerrero@example.org,Bradley,Holt,West Kelseystad,GU,24115
1241,robertsingh@example.org,Brian,Sanchez,North Alan,DC,94710
1242,josedavis@example.org,Robert,Powell,North Tyler,GA,54407
1243,brendan56@example.org,Gary,Berry,Garytown,PR,44439
1244,hannaerin@example.org,Justin,Smith,Martinezborough,NV,20933
1245,thenderson@example.org,Erika,Ayala,Davidville,DC,29677
1246,stevendavis@example.com,Debra,Douglas,Pagehaven,MH,86070
1247,maria23@example.com,Robert,Salazar,Benjaminfort,MD,38733
1248,vlucas@example.net,Matthew,Cordova,Jamesbury,WA,56254
1249,william32@example.com,Lori,Thomas,East Elizabeth,WY,64822
1250,jcunningham@example.com,Christopher,Lawrence,Robertberg,WY,60206
1251,anderseneric@example.net,Kristin,York,Stephanieberg,NC,92856
1252,danielcarroll@example.org,Denise,White,Port Henrystad,AL,27969
1253,nicoleklein@example.net,Elizabeth,Jackson,Johnberg,ME,74273
1254,elittle@example.net,Heather,Daniels,Lake Dakota,IA,60738
1255,michellepham@example.com,Jessica,Nichols,East Joshuaport,OK,33142
1256,qingram@example.org,Elizabeth,Blanchard,West Samuelville,OR,22327
1257,susannunez@example.com,Susan,Bennett,Lake Bryanton,ME,68236
1258,timothy59@example.net,Dana,Oconnor,Frenchshire,OH,20814
1259,megan92@example.org,Thomas,Wolf,Michaelside,NC,65373
1260,dmunoz@example.org,Courtney,Clarke,West Kimberly,FM,90251
1261,zwilliams@example.net,Alexandra,Weiss,Kevinport,AZ,97860
1262,gutierrezdaniel@example.net,John,Smith,North Garrettstad,ND,55468
1263,timothy55@example.com,Yvonne,Webb,Haasborough,MN,98187
1264,owilson@example.net,Kenneth,Salazar,Johnside,MN,12748
1265,julia32@example.com,Melissa,Thomas,Michaelfurt,UT,62767
1266,swood@example.net,Robert,Cooke,South Angelaville,AR,44393
1267,christopher61@example.net,Jeffrey,Terry,South Albert,NY,96727
1268,jacksontrevor@example.com,Jennifer,Jackson,Lake Melissaton,CT,63993
1269,oscarfigueroa@example.org,Keith,Solomon,Cruzfurt,RI,89984
1270,kyle05@example.net,Teresa,Dyer,New Alicia,WA,30736
1271,anita84@example.net,Kurt,Brown,Adamland,VA,95192
1272,davidespinoza@example.net,Emily,Davis,Hubbardton,WV,08461
1273,ukelley@example.com,Christina,Williams,Harveyburgh,KY,22951
1274,erinayala@example.org,Emily,Rush,North Jimside,MH,90285
1275,nancyweeks@example.org,Danielle,Hodges,Lake Christopher,MH,12219
1276,mary41@example.com,Melissa,Fisher,Stephaniemouth,WY,74424
1277,brandonroberts@example.com,Ellen,Vaughn,Matthewborough,AS,47101
1278,joelfreeman@example.org,Thomas,Allen,Thomasstad,WA,92123
1279,alexbarnes@example.org,Stephanie,Alexander,Crosbyville,MD,31189
1280,whitneyanderson@example.com,Caitlin,Cole,South Anthony,RI,57926
1281,gfernandez@example.net,Daniel,Torres,Lake Jamiefort,MN,14891
1282,velazquezrobin@example.org,Jimmy,Scott,New Cherylchester,MN,74639
1283,mitchellbarbara@example.com,Katie,Adams,Port Charlenebury,AS,71670
1284,wisejames@example.com,Joseph,Pineda,Phillipchester,KS,45703
1285,samanthafrench@example.org,Mark,Davis,Lake Gilbert,OR,33398
1286,monroekenneth@example.com,Michael,Rodriguez,West Connie,MS,43875
1287,mbennett@example.org,Zachary,Cruz,Burgessbury,FM,18845
1288,christina40@example.org,Bonnie,Johnson,Valeriefurt,MN,62673
1289,ingramalexis@example.net,Gabriella,Chen,Wandaton,AZ,26388
1290,lauren35@example.org,Andrew,Miller,Lake Jacob,MO,04994
1291,chad29@example.org,Robert,Hopkins,South Briannatown,NJ,08714
1292,uchung@example.org,Steven,Melendez,Chadland,PW,79705
1293,popedanielle@example.com,James,Rojas,Jesseton,CA,21026
1294,jonathan43@example.org,Scott,Daniel,West Michelemouth,MA,45116
1295,kararobinson@example.org,Michael,Williams,Debrabury,DC,71689
1296,kelly79@example.net,Alex,Wang,Andersonside,MI,97130
1297,shull@example.com,Victoria,Ramos,Bryanberg,VT,36529
1298,maureenhall@example.com,James,Boyd,Stokestown,IA,15623
1299,cwebb@example.com,Michael,Moore,Port Joshuastad,CT,50153
1300,alyssalindsey@example.com,Melissa,Brown,New Roger,ID,24285
1301,lisaharris@example.com,Monica,Aguilar,New Davidfurt,PR,14728
1302,brian66@example.net,Stephanie,Briggs,Zhangside,KS,93213
1303,anthonycox@example.com,Linda,Kim,South Brendan,MH,84089
1304,fowlerlindsay@example.com,Stephen,Reyes,Port Jasonfurt,VT,12352
1305,pgriffin@example.org,Danielle,Peck,Port James,TN,31558
1306,steven26@example.org,Ian,Mcdaniel,East Jamesshire,KY,20456
1307,nhogan@example.org,Kimberly,Cox,East Lisaberg,WA,96317
1308,kphelps@example.org,Bryce,Collins,Fritzmouth,NJ,00850
1309,jtran@example.net,Kimberly,Porter,Amandaville,MS,06914
1310,wilsonpenny@example.net,Cheryl,Sanchez,Thomasberg,RI,38588
1311,gbarajas@example.com,Charles,Perry,West Paul,TX,49463
1312,qgould@example.org,April,Snyder,North Stephen,PA,45848
1313,perryjohnny@example.net,Colin,Davis,South Williamfurt,CT,58784
1314,nicholas11@example.org,Daniel,Price,East Amanda,MP,52691
1315,banksbarbara@example.org,Jeffrey,Levine,West Toddburgh,MH,91486
1316,reynoldsdanielle@example.net,Andrew,Skinner,Stephenland,MS,15951
1317,owilliams@example.net,Dawn,Bennett,South Davidview,TX,66636
1318,nlawson@example.net,Derrick,Moon,West Gary,LA,11930
1319,natashabeltran@example.net,Jerome,Davidson,North Meganburgh,CA,89104
1320,hendersonamanda@example.net,John,Quinn,Port Jason,OR,27581
1321,sheryltaylor@example.net,Eric,Matthews,Andreafurt,MT,71317
1322,ariel80@example.org,Susan,Nguyen,Villarrealport,AZ,23686
1323,gregory30@example.org,Dale,Thompson,East Josephtown,NJ,13592
1324,edavis@example.com,Kathryn,Dickerson,Chaseview,TN,88212
1325,tranolivia@example.com,Rebecca,Harris,Tonyberg,TN,58534
1326,kellermichele@example.com,Tina,Miller,Kevinshire,FM,15284
1327,linda81@example.net,Daniel,Ortega,Lake Kelly,AK,96439
1328,jacqueline49@example.net,Kaitlyn,Sweeney,New Suzanne,VT,58074
1329,garroyo@example.net,Daniel,Munoz,Hansonside,RI,43832
1330,willissteven@example.net,Samuel,Hernandez,Emmaland,MP,86767
1331,charles15@example.org,Joshua,Burch,Butlerberg,IL,99507
1332,thomas70@example.net,Julia,Arias,East Teresaview,VA,12056
1333,danielmason@example.com,James,Miller,Rivaschester,DE,31959
1334,sheilarodriguez@example.org,Heather,Franklin,East Davidton,MH,73170
1335,vwalton@example.org,Kelly,White,Hawkinsmouth,IL,13486
1336,sandra54@example.org,Sarah,Johnson,West Erinton,OK,06970
1337,christopherquinn@example.org,Alicia,Grant,North Michaelberg,KS,32813
1338,curtis70@example.net,Bill,Johnson,Delgadotown,GA,18445
1339,ernest39@example.org,Thomas,Lee,Daniellebury,WA,84442
1340,jessica61@example.com,David,Carrillo,Henryshire,CA,15280
1341,millerkatelyn@example.org,Raymond,Mcdonald,West Sydneymouth,NC,17580
1342,timothyrogers@example.org,Megan,Miller,Rhondafort,DE,89513
1343,vrangel@example.net,Curtis,Smith,Catherineside,KS,31819
1344,amberflowers@example.net,Mark,Buckley,Jamieside,AL,53326
1345,mcfarlandjeremy@example.net,Wanda,Thomas,East Nicholasland,TN,48757
1346,thomas85@example.com,Terri,Hardy,North Kentside,WV,08536
1347,jamesrichard@example.com,Kathy,Zuniga,Cassandrachester,MO,72582
1348,sschmidt@example.com,Mason,Rodriguez,New Crystal,MN,54501
1349,morrissabrina@example.org,Debra,Parker,South Christopherville,VT,25019
1350,ijacobs@example.org,David,Lin,Schmidtburgh,KS,41763
1351,madisonbyrd@example.org,Danielle,Garrison,Devinside,MP,59682
1352,joshuamiller@example.com,Tami,Watkins,North Christopherland,UT,87976
1353,schneidermark@example.com,Keith,Gonzalez,Port Brianmouth,WV,47685
1354,trevorcunningham@example.org,Randy,Robinson,Traceyville,WY,24827
1355,hensonkathleen@example.com,Brad,Ramos,Hallfort,NC,10441
1356,qking@example.net,Alexander,Webster,South Isaacborough,ME,98428
1357,tylererin@example.com,Kimberly,Gaines,West Kennethland,NC,30003
1358,johnsonalexandra@example.com,Janice,Thomas,South Jesse,PA,18704
1359,zhernandez@example.com,Darin,Manning,North Donaldmouth,AS,43647
1360,lanebrandy@example.org,Kyle,Cook,East Anthonyville,TX,02739
1361,josephjones@example.net,Michael,Barnes,North Joelland,AR,44330
1362,mcdonaldkristen@example.org,Steven,Frank,New James,NH,84865
1363,smithlisa@example.com,Molly,Blair,Stephaniebury,PR,44978
1364,lisa41@example.net,Kimberly,Perkins,Port Willie,MP,73517
1365,allenjessica@example.org,Ryan,Mckenzie,Sullivanfurt,GU,97831
1366,freemanmichael@example.com,Timothy,Taylor,North Melanie,UT,78964
1367,reynoldsbobby@example.org,Jason,Kane,North Candice,MH,46693
1368,leslie09@example.com,Christopher,Mercado,Danielville,TN,02064
1369,pamelabradley@example.com,Rachel,Waller,East Shawn,KY,97039
1370,mitchellsarah@example.net,Edwin,Friedman,Chavezport,IL,26038
1371,swarren@example.net,Tammy,Schroeder,Lake Katie,DC,52593
1372,qgray@example.com,Chelsea,Hopkins,Lake Jermaine,PA,96406
1373,hraymond@example.com,Karen,Graham,Port Timothyfort,WY,74843
1374,uhowell@example.org,Robert,Roberts,New Theresa,ID,27011
1375,jonathan66@example.com,William,Wilson,Hendersonbury,CA,08634
1376,lori32@example.com,Jeffrey,Carr,New Kristenbury,MO,28364
1377,natasha63@example.org,Michael,Morse,North Robertbury,MI,68456
1378,robertmcintosh@example.org,Spencer,Solis,Dominiqueport,LA,70070
1379,ericcollins@example.net,Thomas,Baker,Port Garrettshire,MD,71108
1380,malikramsey@example.net,Kathy,Kelley,Tyronechester,SD,47404
1381,hbraun@example.com,Kelly,Evans,West Kimberly,ND,87921
1382,qmacdonald@example.com,Richard,Campbell,Port Marcus,CA,46900
1383,zmoreno@example.com,Kaitlin,Shaw,Haroldville,IN,79033
1384,williamsdavid@example.com,Ana,Perry,Leonardport,AL,29217
1385,eperez@example.com,Emily,Miller,Kimberlytown,CT,69936
1386,uwilson@example.com,Connie,Valdez,Barrybury,OH,84619
1387,petermoore@example.net,Chris,Morrison,North Kimberlyshire,WY,53766
1388,michael21@example.net,Laura,Brandt,West Alexmouth,AZ,74382
1389,brad72@example.org,Jonathan,Walter,Bakerport,LA,13309
1390,kochjody@example.org,Melissa,Powers,Port Kathrynhaven,UT,47789
1391,darrenfrank@example.org,Faith,Taylor,Theresahaven,MN,89068
1392,abigail58@example.com,Alan,Rodgers,Ballardtown,NY,15762
1393,mgarcia@example.net,Paul,Haley,North Tiffanyfort,AS,77819
1394,fmcguire@example.net,Scott,Barnett,Amberborough,MD,08414
1395,jeffreyparrish@example.com,Jacob,Miller,East Seth,MH,58105
1396,reginaldperez@example.org,Julie,Morris,Lisaport,PR,91573
1397,steven12@example.com,William,Murphy,Pierceton,CT,15578
1398,laurenbrennan@example.org,Haley,Lopez,Nunezberg,TN,49285
1399,qherring@example.com,Tamara,Johnson,New Robertofort,AS,62096
1400,marshsusan@example.net,Nathan,Jones,Lake Kyle,AK,02807
1401,ibass@example.com,Angela,Newton,Jonesstad,MA,49740
1402,joshua59@example.org,Jeffrey,Norris,South Traceyport,HI,05697
1403,xpayne@example.net,Amanda,Conrad,Josephberg,LA,12219
1404,novakheather@example.net,Jordan,Callahan,Port Mary,MH,62724
1405,baldwinmichael@example.com,Julie,Cabrera,East Erin,PR,07172
1406,pwagner@example.org,Michelle,Gutierrez,Danielburgh,VA,39115
1407,mwilson@example.com,Vincent,Moore,North Gregory,MS,16144
1408,christopherayala@example.net,Katrina,Brown,Thomasstad,KS,99560
1409,ksalazar@example.com,Morgan,Daniels,Port Cynthiamouth,CA,61512
1410,rodriguezsamantha@example.net,Kelly,Jones,Taylorview,ME,25345
1411,tschneider@example.org,Kelly,Ayers,West Rebeccafurt,NJ,40445
1412,robertharris@example.org,Martin,Landry,Lake Matthewville,WI,91454
1413,kevinsantiago@example.org,Kevin,Patterson,South Jennifershire,LA,00886
1414,melissalee@example.org,Jesus,Floyd,East Marcuston,MH,47572
1415,fletcherjulia@example.org,Lindsey,Bailey,Snyderhaven,GU,55164
1416,stephanie38@example.com,Jerome,Phillips,Harrisshire,WY,44318
1417,timothyporter@example.org,Isaiah,Underwood,Derrickmouth,WV,41867
1418,dlee@example.org,Catherine,Davis,West Tanyahaven,SD,28903
1419,yhopkins@example.com,Christine,Ellis,New Ryanfurt,MI,24352
1420,rachel89@example.org,Danielle,Roberts,Danieltown,TX,88196
1421,leslie89@example.org,Briana,Robles,North Johnny,PA,57071
1422,conniesantiago@example.com,Yvonne,Parker,Lake Haleyfurt,CO,92384
1423,clarksamuel@example.net,Erika,Hill,Murphyfort,RI,43083
1424,meganrose@example.net,Alexander,Grant,Port Ashley,AZ,73712
1425,brandonboyer@example.net,Stephanie,Bonilla,East Mary,AR,28805
1426,wilsonjohn@example.org,Jessica,Freeman,East Robert,AR,62994
1427,monicacampos@example.org,Cynthia,Ramos,Port Maryland,VI,46204
1428,tarroyo@example.org,Larry,Perkins,Port Angela,VI,32549
1429,elizabethjohnson@example.org,Judith,Howell,Hensonstad,WY,34965
1430,amandaluna@example.com,Bryan,Miller,Rodriguezfort,MD,26196
1431,paulsmith@example.com,Daniel,Strong,Solomonhaven,CT,50440
1432,zhill@example.com,Jessica,Fox,Mooremouth,RI,75741
1433,timothyallen@example.com,Rebecca,Pierce,Port Laurenberg,RI,60164
1434,ggoodman@example.org,Jason,Stark,Andrewtown,ID,06431
1435,adamsdylan@example.com,Brett,King,South Kenneth,GU,30363
1436,meghanmartinez@example.net,Mary,Keith,Lake Adamberg,MH,06971
1437,pprice@example.net,Brandon,Wise,Heatherton,KY,92798
1438,johnny21@example.net,Edwin,Melton,South Alexis,WY,33678
1439,hintonaaron@example.com,Sandra,Garcia,Gregoryton,OK,08762
1440,danielsimon@example.com,Laurie,Bradley,Coleport,MH,77437
1441,tylerknight@example.com,Andrea,Simmons,New Christinaburgh,ND,64501
1442,wjackson@example.com,Richard,Castro,Jasonton,TN,96330
1443,michelle25@example.com,Zachary,Kim,East Erinshire,VA,71832
1444,moorebriana@example.com,Abigail,Garcia,Meghanshire,TN,03878
1445,hartalyssa@example.org,Damon,Navarro,East Heather,FL,56220
1446,carolynowens@example.net,John,Perez,Patriciaberg,PW,31176
1447,aprilbrown@example.org,Nicole,Duncan,East Melissa,ND,07641
1448,davidgraves@example.org,Justin,Adams,New John,MP,84853
1449,juan94@example.org,Julie,Pierce,East Travisview,DE,11269
1450,john39@example.org,Donna,Huber,South Jacquelinechester,KS,50626
1451,boonejeffrey@example.com,Nicole,Sanchez,West Kevin,MP,26070
1452,davidsonlaura@example.org,Jorge,Kennedy,Cartermouth,KY,96293
1453,patriciabauer@example.net,Christopher,Parker,Shawnside,OR,53011
1454,simmonsjacob@example.net,Justin,Gonzalez,East Tylerstad,RI,86698
1455,levicampbell@example.org,Brooke,Moody,Lake Joshuachester,PR,50545
1456,sheila03@example.com,Michelle,Wood,Port Matthew,NV,83764
1457,olivia92@example.com,Joshua,Ellison,New Juliemouth,ND,07759
1458,ehull@example.net,Laurie,Richard,New Laura,PR,29826
1459,pmoore@example.net,Randy,Hughes,New Amanda,NJ,02499
1460,melissalittle@example.org,Michael,Kennedy,Lake Alishashire,VT,10045
1461,gillcynthia@example.net,Sean,Caldwell,Alvarezburgh,DC,83128
1462,morganheather@example.org,Erica,Johnson,Jonesfort,IN,43412
1463,michaelcoleman@example.com,Timothy,Glass,Thomasport,CO,57035
1464,smithlisa@example.net,Austin,Washington,Jessicaview,TX,07102
1465,ksmith@example.net,Michele,Price,Robinsonhaven,OH,21792
1466,wwoods@example.net,Monica,Leach,Port Randall,PA,47774
1467,william86@example.org,Anthony,Christian,East Michael,DE,48864
1468,taylornathan@example.net,Holly,Allen,East Bobby,TN,19133
1469,varnold@example.net,Hayden,Mendez,South Rodney,AL,12744
1470,xburton@example.com,Anthony,Walsh,East Vickie,VA,81609
1471,marc87@example.net,Max,Thompson,Kimstad,ID,95115
1472,sheenataylor@example.com,Melissa,Beltran,South Marissafort,TN,17568
1473,sandrawiggins@example.com,William,Murphy,Mooremouth,AR,89804
1474,hamptontimothy@example.com,Eric,Gonzalez,Port Franciscoside,CO,88394
1475,jeffreywilson@example.net,Donna,Gonzales,Gregorymouth,CO,29586
1476,rebeccaanderson@example.com,April,Lopez,Riversstad,NE,32313
1477,mendezlisa@example.org,Chad,Smith,Lake Joanna,VI,83237
1478,james76@example.net,Cheryl,Carrillo,Port Tammymouth,OK,13169
1479,vray@example.net,Todd,Taylor,South Jamiefurt,GA,42837
1480,rose82@example.net,Andrea,Gamble,East Jeanettefurt,AS,69510
1481,sdean@example.net,Frank,Roy,Gonzalezmouth,RI,86554
1482,robertwilliams@example.com,Richard,Garrison,Williamsfort,NM,93815
1483,elliskaren@example.org,Christina,Thompson,Susanhaven,MS,67571
1484,hannah99@example.net,Chad,Maynard,Lake Daniel,MI,74009
1485,psolis@example.net,Angela,Griffith,Robinhaven,GU,74539
1486,ywells@example.org,Henry,Christian,Lake Benjamin,KS,10096
1487,jordanpatton@example.org,Stephanie,Lopez,New Craigburgh,MO,43358
1488,aturner@example.org,Bernard,Henry,New Heather,PW,61367
1489,zestrada@example.net,James,Crane,East Maria,DC,45928
1490,joshua92@example.net,Cindy,Roberts,New Shelbyville,GU,84524
1491,charlesmiller@example.net,Amanda,Keith,Johntown,PW,68550
1492,vthompson@example.com,Kayla,Zavala,New Josephborough,IL,35025
1493,matthewsanchez@example.net,Theresa,Jackson,Kathyshire,NV,03409
1494,james22@example.net,Kevin,Cooper,Port Angelamouth,VA,47262
1495,jimenezelizabeth@example.org,Matthew,Hawkins,New Luisville,IA,82226
1496,kthompson@example.net,Joseph,Robinson,North Josephmouth,MA,46481
1497,debrahumphrey@example.com,Brian,Lamb,South Walter,PR,08330
1498,james49@example.net,Alison,Rodriguez,West Jenniferbury,NJ,39883
1499,bellpatricia@example.org,Robert,Burgess,South Christianside,PA,76380
1500,andrea82@example.net,Jerry,Hess,Williamsburgh,MP,07446
1501,foxchristina@example.org,Joshua,Duke,Alexandrastad,SC,45568
1502,joseblake@example.com,Katherine,Hernandez,East Johnchester,MO,95453
1503,allison23@example.net,Jessica,Lopez,Taylorburgh,IL,85588
1504,tina43@example.com,Stacy,Krueger,South Jeannehaven,NC,69325
1505,jessica77@example.com,Curtis,Dickerson,New Sarah,SC,73974
1506,cassiewheeler@example.org,Alison,Acevedo,East Juliemouth,KS,54415
1507,andersongregg@example.org,Sharon,Cardenas,North Christopher,NY,29979
1508,dwayne94@example.net,Anthony,Thomas,Joseton,WI,20734
1509,pcasey@example.org,Sarah,Morgan,Phillipsfurt,AS,90962
1510,ann54@example.org,Derek,Atkins,Dianaburgh,WV,78196
1511,jasmine55@example.net,Desiree,Butler,Jenniferchester,AR,61146
1512,allisonrobert@example.net,Victoria,Werner,Romerotown,VI,54301
1513,johnjohnson@example.com,Colleen,King,Downsberg,PW,01351
1514,melissa33@example.com,Amy,Abbott,Brucefort,ND,11096
1515,moseslisa@example.org,Dawn,Trujillo,Marymouth,NM,38701
1516,makaylahayden@example.com,Amber,Matthews,New Patrickfurt,MH,40839
1517,keith92@example.com,Debra,Fleming,Heatherland,OH,98610
1518,qcastro@example.org,Lori,Morrison,West Brandonfort,VA,41280
1519,jeffreyclayton@example.com,Mary,Brown,Lake Juliestad,CT,77115
1520,pdavis@example.com,Steven,Todd,Fowlerport,DE,19015
1521,valdezthomas@example.net,Mary,Smith,North Jason,FM,04148
1522,shawthomas@example.net,Benjamin,Velasquez,Angelafort,MA,96263
1523,leslie48@example.org,Elizabeth,Anderson,Port Cherylfurt,RI,34602
1524,favila@example.org,Bryan,Hanson,Wendyton,ID,35528
1525,christopherkennedy@example.org,Susan,Flores,Richardsonside,WA,97807
1526,kristinterry@example.org,Gregory,Powell,East Katieburgh,WY,88355
1527,janetlewis@example.org,Whitney,Bernard,South Jenniferchester,MN,14196
1528,amorgan@example.com,Leah,Perez,West Derrick,TN,73438
1529,ngarza@example.com,Nathan,Farrell,East George,ID,39014
1530,oliverkelly@example.org,Rebecca,Sanchez,Martinezland,OK,38874
1531,aaron42@example.net,Rachel,Gross,New Markshire,KS,52207
1532,thomasangela@example.org,Marissa,Murphy,Brownland,PW,15684
1533,jonathan00@example.net,Nancy,Martinez,Lake Robinview,MS,99140
1534,kimberlysmith@example.com,Whitney,Miller,Brandontown,TX,76963
1535,plopez@example.com,Aaron,Adkins,Lake Diana,AK,52207
1536,wharris@example.net,Lydia,Serrano,South Robert,UT,96652
1537,stevenskimberly@example.com,Cheryl,Lam,North Kathleen,CA,24290
1538,deborahrice@example.net,Holly,Odom,New Emilyland,CT,84566
1539,weberdawn@example.org,Melissa,Benjamin,Donnaland,ME,75317
1540,holmesmonica@example.com,Kaitlyn,Villanueva,New Paulamouth,AS,32907
1541,gutierrezjason@example.com,Matthew,Nguyen,Hannahborough,GU,67831
1542,ramseylawrence@example.net,Angela,Gonzalez,Kristinachester,PW,70876
1543,jennifer43@example.com,Jack,Holmes,New Sylvia,MH,69054
1544,chase07@example.com,James,Watts,Robertchester,NE,32080
1545,ronaldcarlson@example.net,Tina,Meyer,North John,AS,02579
1546,travis62@example.net,Reginald,Meyer,North Bobmouth,GU,82620
1547,wallacealexander@example.org,Richard,Newton,Susantown,GA,63162
1548,jennyfernandez@example.org,Kevin,George,East Johnview,WA,37085
1549,tedwards@example.org,Eric,Reyes,New Jacobtown,VI,35629
1550,kelly12@example.org,Mary,Benson,Thompsonberg,ID,42121
1551,bryanthector@example.net,Erika,Anderson,Leebury,ND,22566
1552,gregory57@example.org,Catherine,Scott,New Patriciaton,DC,00522
1553,stephensjessica@example.net,Jennifer,Brooks,North Garrettview,NM,52687
1554,williamsjerry@example.org,Matthew,Palmer,Lake Frankchester,MN,04066
1555,mary53@example.com,Monica,Knight,Deanville,CO,32971
1556,sheila68@example.net,Cassandra,James,Jensenmouth,UT,87860
1557,othompson@example.net,Jean,Mccullough,Thomaston,CA,30314
1558,melvin20@example.com,Michael,Williams,South Sean,DC,26488
1559,zcarter@example.com,Benjamin,Wolf,Collinsville,OH,90038
1560,plewis@example.com,Steve,Porter,Leslieland,CT,40665
1561,parksjoshua@example.com,Kimberly,Knapp,North Markbury,TN,38188
1562,uguerrero@example.org,Hayley,Lane,West Christian,KY,84286
1563,ortizjuan@example.com,Dennis,Murray,Jamesfurt,FM,97905
1564,paige02@example.org,Katherine,Mckinney,Robertmouth,GA,20040
1565,osimmons@example.com,Bradley,Aguilar,West Taylor,CO,23662
1566,evanskayla@example.com,Jennifer,Sanchez,Lake Jimmy,VT,16263
1567,victoria91@example.com,Tommy,Cruz,Nelsonmouth,SD,44792
1568,danalarson@example.net,Amber,Brown,South Ryanborough,GA,89650
1569,william67@example.com,Zachary,Richard,Priceshire,HI,18219
1570,dillondavis@example.org,Michael,Cook,Spencerport,MS,15466
1571,william45@example.org,Natalie,Zhang,Josephberg,VT,83702
1572,kconley@example.com,Laura,Roberts,Williamsside,NE,76286
1573,robertsonchelsea@example.org,Samantha,Mclaughlin,Halemouth,AZ,12338
1574,uwilson@example.org,Ashley,Manning,North Andrea,KS,21482
1575,kimpacheco@example.net,Diana,Campbell,West Derek,AZ,11256
1576,dawsontom@example.net,Rhonda,Long,Lake Alicia,NY,95957
1577,erinhuff@example.net,Dawn,Lambert,Shawstad,TN,27704
1578,tara99@example.org,Nicole,Peterson,Lake Mario,TN,15703
1579,watsonmark@example.com,Catherine,Brown,East Sandra,MT,70778
1580,xhamilton@example.com,Lori,Pena,Monicaburgh,PW,84408
1581,josephbriggs@example.com,Sabrina,Carlson,West Stephen,VA,97005
1582,josephfernandez@example.com,Kyle,Miller,New Nicholasborough,NY,44822
1583,vblanchard@example.org,Brett,Gregory,Brownshire,ND,67116
1584,qlawrence@example.org,Pamela,Rivera,Port Jamieborough,OR,80364
1585,donna36@example.net,Melissa,Johnson,Miguelside,PR,78141
1586,michaeladams@example.org,Dustin,Mayer,Sarahton,VT,00788
1587,jensenkayla@example.net,Joseph,Weaver,Wagnerstad,PW,34743
1588,danielwilliams@example.net,Jennifer,Montgomery,Ritterside,MA,84120
1589,andrew12@example.org,Tina,Smith,Port Alexanderburgh,NH,93591
1590,edward54@example.net,Vanessa,Mccarthy,Kingville,IA,35766
1591,nwhite@example.org,Misty,Beasley,Lake Eric,VI,13115
1592,gabrielle85@example.com,Jennifer,Lee,Timothybury,DE,44461
1593,jacksondavid@example.org,Kyle,Nichols,Tiffanyport,WA,64458
1594,figueroaterri@example.net,Maria,Melendez,Catherinetown,MT,01375
1595,robinsonsean@example.com,Chase,Weber,Boyerchester,SC,88965
1596,timothyrobertson@example.org,Jonathan,Banks,Malonefurt,MH,46289
1597,benjaminbell@example.org,Thomas,Payne,Port Ann,MH,20055
1598,strongjoel@example.com,Sandra,Brown,Aprilland,NY,44444
1599,umorales@example.net,Julie,Watson,Lake Elizabethton,WA,48961
1600,tiffany54@example.com,Andrew,Wallace,Mirandaside,MI,05927
1601,velasqueztimothy@example.org,David,Reese,West Johnfort,IN,91191
1602,martinezmitchell@example.org,Thomas,Roberts,Iantown,PR,99514
1603,caldwellshelby@example.net,Robert,Vasquez,Jimenezstad,SC,29517
1604,ngraham@example.com,Sandra,Mosley,Joneston,CT,65203
1605,kristineroberts@example.org,Alyssa,Pruitt,Reevesborough,AK,93746
1606,marshallrobert@example.com,Gregory,Mendoza,Allisonstad,NH,85056
1607,emilyrivera@example.net,Jeremy,Garrett,Lanceberg,RI,02076
1608,wanda71@example.org,Emma,Lamb,Jamesburgh,FL,49932
1609,jimhill@example.org,Sylvia,Steele,Port Katherineside,VI,47574
1610,kelly81@example.org,Richard,Gibbs,Joshuaburgh,MD,28546
1611,leslie50@example.com,Kyle,Love,Cherylmouth,MI,35541
1612,nicholasallen@example.com,Thomas,Conrad,Yoderville,TX,55875
1613,galvansharon@example.org,Joseph,Jones,Schultzville,MO,57000
1614,shelby38@example.org,Jeffrey,Herring,Houstonshire,MT,78765
1615,kimjeremy@example.com,Lisa,Young,Jeffreyburgh,IL,90852
1616,rprince@example.org,Nicholas,Hall,Port Joshuamouth,WI,92017
1617,jasonwilkinson@example.com,Angela,Curry,South Johnfurt,WI,47091
1618,mclaughlinkimberly@example.net,Alexander,Wade,South Rachelview,MT,16813
1619,john56@example.net,Norman,Scott,Farmerville,MI,70604
1620,ginajimenez@example.com,Paul,Wright,Donaldland,ME,24677
1621,powersjohn@example.com,Adam,Werner,Hernandezchester,NE,36897
1622,yfuller@example.com,Michelle,Ware,Justintown,KY,78783
1623,kelly76@example.net,Mckenzie,Bentley,Christopherville,NJ,54786
1624,charles72@example.net,Gina,Gibson,West Rileychester,PA,62218
1625,lauralee@example.org,James,Kaufman,Fritzton,RI,98283
1626,romerosharon@example.org,Diane,Stewart,Manuelside,MO,36218
1627,olsondestiny@example.net,Charles,Ayers,Kellyville,CA,58692
1628,gsmith@example.com,Phillip,Tran,Port Erika,MN,76874
1629,stevenbeard@example.net,Kevin,Brown,New Thomasburgh,WV,11279
1630,jacksonmelanie@example.com,Tanya,Johnson,Virginiaton,GU,61068
1631,benjamin27@example.org,Rachel,Brown,Jillianhaven,PA,83927
1632,denise44@example.net,Kara,Thompson,Christineborough,AS,03768
1633,peter00@example.org,Kristy,Castro,Nortonmouth,NC,25785
1634,omaldonado@example.org,Wendy,Garrett,Lake Tiffany,DC,47635
1635,amandakeith@example.com,Darryl,Thomas,Carolynchester,GA,19685
1636,mcbriderachel@example.net,Nicole,Quinn,Lake Alan,NJ,07411
1637,martinezmarissa@example.net,Jennifer,Rubio,New Reginaldhaven,PW,40999
1638,lauren20@example.org,Erik,Warner,Kristashire,CA,74279
1639,tuckerjennifer@example.net,Shane,Baker,Port Brenda,TN,28756
1640,crawforderin@example.org,Derek,Matthews,New Andrea,WV,72071
1641,daniel16@example.org,Michelle,Schneider,Randallmouth,FL,93323
1642,tsullivan@example.com,Kayla,Rowland,Moorefurt,MP,30487
1643,ncarr@example.net,Taylor,Mclean,North Michael,CA,52482
1644,marie88@example.com,Kimberly,Lin,Lake Nicholasmouth,MA,93584
1645,blevine@example.net,Steven,Williams,Brandonfurt,SC,10393
1646,oho@example.org,Brian,Blair,West Kaylaton,NH,98169
1647,haysjustin@example.com,Michael,Perez,West Lukebury,CO,30743
1648,bfranklin@example.org,Jennifer,Morris,Lake Allison,SD,52666
1649,andrewrich@example.com,Nicole,Cortez,West Trevormouth,LA,94987
1650,icarter@example.com,Matthew,Moore,Kevinfurt,LA,15278
1651,tbrown@example.org,Michael,Tucker,New Douglas,ND,93439
1652,juliebrennan@example.com,Kimberly,Beltran,South James,DC,14354
1653,aaronking@example.com,Michael,Mendoza,Morrisonmouth,IN,07560
1654,nicolecunningham@example.com,Jessica,Wade,Phillipsmouth,MN,30900
1655,danderson@example.com,Wendy,Sampson,Port Amandachester,NV,65652
1656,deborahbrown@example.com,Robert,Campbell,Lake Donald,WI,79294
1657,brookskaren@example.com,James,Bailey,Youngside,TX,80496
1658,melissavargas@example.net,Amanda,Hughes,Mooreton,OH,44784
1659,halelori@example.com,Deborah,Obrien,Lyonston,RI,40300
1660,timothymcmahon@example.com,Bonnie,Vasquez,Stevenview,GU,98185
1661,douglaswhite@example.com,Molly,Edwards,West Johnny,MN,05242
1662,jacksonjessica@example.com,Christopher,Cook,Lake Jonathanhaven,CA,22119
1663,navarrolori@example.net,Rebecca,Oliver,Wolfeland,ID,24132
1664,fischerdebra@example.net,Jeffrey,Hawkins,East Elizabeth,IA,59441
1665,juliewest@example.net,Jason,Lowe,East Felicia,IN,91663
1666,jtaylor@example.org,Sally,Anderson,Autumnshire,TN,66702
1667,kimberly98@example.com,Carla,Barton,New Jessica,OR,31102
1668,jonathanpreston@example.net,Ronald,Vasquez,Crossview,LA,84429
1669,mcguirewilliam@example.org,Anne,King,Jonathanbury,RI,34446
1670,megan88@example.net,Kelly,Mason,West Carlaland,PR,49570
1671,taylorbaker@example.net,Megan,Randolph,East Angelaberg,AK,85024
1672,carmennelson@example.org,Roberto,Parker,Port Normanhaven,NE,35342
1673,blakecruz@example.org,Kathleen,Ayala,Marytown,HI,91114
1674,stefanie98@example.org,Terrence,Gregory,Gonzalezland,CT,11430
1675,vhurley@example.net,James,Kline,New Briannaton,AR,06217
1676,douglas04@example.com,Kenneth,Gonzales,South Mary,DE,18732
1677,mhuerta@example.net,Sonya,Bullock,Karenview,SD,30113
1678,shepherdashley@example.org,Julia,Rodgers,Lake Jaredland,CA,64795
1679,qporter@example.org,Desiree,Whitaker,Matthewmouth,MH,46394
1680,melissa63@example.net,Joy,Murray,New Jodiborough,DE,25318
1681,martinezshannon@example.net,Brandy,Hansen,Guerrerofort,VA,66890
1682,brianna80@example.org,Danielle,Moran,Daviston,MO,80374
1683,joseph47@example.net,Edward,Hendrix,Emilyside,MT,93601
1684,amykeller@example.com,Shawn,Diaz,Brownside,OR,54699
1685,john86@example.com,William,Gaines,East Hollyville,WA,77057
1686,ghaney@example.com,Ruth,Clayton,Mollyhaven,DC,35584
1687,ksalinas@example.com,Shelley,Fitzgerald,Robertmouth,VT,41347
1688,katherine25@example.com,Jennifer,Johnson,Port Jonathanburgh,MP,90959
1689,elizabethlopez@example.com,Mary,Aguilar,West Jeffreyport,MO,32908
1690,kingrobert@example.com,Natasha,Huber,Port Deanna,PA,29801
1691,greencarl@example.com,Jessica,Hansen,Andersonburgh,OR,80974
1692,smitchell@example.net,Larry,Conrad,Brandonberg,MO,31019
1693,jacquelinemathis@example.net,Carol,Peterson,Port Sarafurt,ID,49609
1694,michael55@example.org,John,Flores,Daveville,WV,20880
1695,felicia81@example.com,Marissa,Leon,Pagetown,FL,76141
1696,justin34@example.org,Megan,Sullivan,Kimberlyville,WI,70696
1697,gilldaniel@example.net,Dustin,Beck,Millerside,MP,58079
1698,veronicaallen@example.com,Amy,Johnston,Annland,OH,41193
1699,irwinbrandy@example.net,Brandon,Williams,South Michael,MT,57362
1700,isaiahoneill@example.com,Wendy,Smith,Johnsonburgh,NC,22726
1701,jamieevans@example.org,William,Conrad,Torresfort,SD,41088
1702,kellybenjamin@example.net,Jason,Cooper,Richardsonmouth,CO,28790
1703,carriecollins@example.org,Ruben,Coleman,New Edwinton,AL,78507
1704,floressamuel@example.com,Stephanie,Ramirez,New George,IN,54322
1705,baldwincrystal@example.net,Blake,Parks,East Kevin,MI,25306
1706,calebnichols@example.net,Victoria,Reeves,North William,UT,14019
1707,nkane@example.net,Lee,Martinez,Burchside,NC,61426
1708,michelle73@example.net,Elizabeth,Medina,Port Kimberly,FM,77182
1709,reneeroberts@example.com,David,Ramirez,Williamsside,OR,19835
1710,cheryl24@example.net,Jennifer,Wells,South Adamside,ND,99156
1711,cartermichelle@example.org,Kyle,Carr,West Teresafurt,NV,86991
1712,stephaniebrady@example.com,Brenda,Ball,Jacksonland,HI,05665
1713,daymichael@example.org,James,Brown,Port Jessica,TN,07806
1714,mirandatracy@example.org,Robin,Mitchell,Williamsport,OH,73752
1715,urhodes@example.com,Diane,Campos,North Jamie,AS,73031
1716,jmiles@example.net,Jennifer,Russo,Greenshire,NJ,34552
1717,rita52@example.org,Michael,Bullock,West Lawrence,CA,43760
1718,vfowler@example.org,Paula,Moran,Davidville,AZ,12222
1719,zwalton@example.com,Megan,Armstrong,East Robert,ND,50560
1720,leenathaniel@example.net,Michael,Robinson,Wilsonmouth,WI,68950
1721,dlittle@example.net,Jeffrey,Morgan,North Bryan,NH,16379
1722,austinsamuel@example.net,Elizabeth,Matthews,Silvafurt,WV,26571
1723,lisa34@example.org,Alejandro,Wood,Robertview,AR,56005
1724,hwatson@example.net,James,Tran,Heatherburgh,CO,96671
1725,michaelthomas@example.net,Brandon,Nelson,Parkerton,NJ,90188
1726,matthewcurtis@example.org,Tricia,Vasquez,Fordfort,TX,19374
1727,wallacetimothy@example.net,Alicia,Martinez,Port Natalie,CO,47035
1728,prestontara@example.com,Donna,Le,Port Krystalmouth,NV,81980
1729,williemarsh@example.com,Juan,Thompson,West Kayla,AR,26801
1730,linda74@example.net,Nathan,Alvarado,Michaelland,RI,54836
1731,pfox@example.net,Peter,Johnson,North Ashleychester,KY,62075
1732,bradleyjonathan@example.com,George,Harrington,Nicholasshire,MA,74073
1733,bonillapriscilla@example.net,Sarah,Shelton,Stevenshaven,PR,29090
1734,shannonking@example.net,Michael,Fisher,Scottfurt,SC,02852
1735,christophermurray@example.org,Christopher,Meyer,Tannerchester,DE,84937
1736,jonathananderson@example.com,Dominic,Leon,Gomezmouth,AZ,08032
1737,travis15@example.net,Jared,Brown,Markbury,TN,46713
1738,johnsonkevin@example.net,Kenneth,Hoffman,East Debra,NC,25623
1739,tellis@example.org,Megan,Curry,East Josephview,IL,72786
1740,richardpowell@example.net,Julie,Vaughan,Cassandraborough,NY,54427
1741,jonathan40@example.com,David,Jackson,East Davidtown,NH,11310
1742,debbierichardson@example.net,Brett,Nguyen,New Johnmouth,DE,36539
1743,cassie57@example.net,Andrea,Torres,Huynhstad,NH,68491
1744,brandon30@example.com,Michael,Taylor,Wilsontown,CT,85331
1745,beasleyangelica@example.net,Jessica,Ortega,Sullivanville,UT,28432
1746,camposdonna@example.com,Margaret,Greer,Jeremiahburgh,MT,33801
1747,lisa61@example.com,Stephanie,Bryant,Lake Sharon,VI,86495
1748,jford@example.net,Jennifer,Rodriguez,East Emilyland,PR,43417
1749,jill10@example.com,Erik,Reyes,South Thomashaven,VI,36181
1750,josephhughes@example.com,Nicholas,Schroeder,Stephenshire,FL,02363
1751,zimmermanandrew@example.net,Ryan,Thomas,Lake Christine,SD,73686
1752,fhenderson@example.net,Stacy,Gay,New Susan,OK,43368
1753,grossandrew@example.com,Cynthia,Davis,Reillyberg,IN,90387
1754,stephaniejohnson@example.org,Misty,Newman,Lake Eddie,OR,22492
1755,cabreradennis@example.org,Helen,Andrews,Michellemouth,NY,84033
1756,thomas41@example.org,Travis,Clark,North Shawn,UT,55143
1757,potterdakota@example.net,John,Lewis,Lake Davidfurt,NH,06281
1758,wjohnson@example.net,Donald,Garcia,Flemingberg,NH,01832
1759,alantran@example.org,Linda,Hernandez,Russelltown,OR,21755
1760,shannonjones@example.com,Ricky,Green,New Kayla,OH,04989
1761,cannongregory@example.org,Robert,Allen,South Sarah,NV,09026
1762,olsonkaren@example.com,Steven,Hughes,Jessicafort,DC,59412
1763,fmcdonald@example.com,Elizabeth,Moore,New Kayla,OR,51517
1764,nrogers@example.net,Kimberly,Ball,West Arthurborough,CT,08497
1765,justin93@example.com,Gene,Henry,Herreraport,ME,73187
1766,brittneytucker@example.com,Raymond,Ponce,South Walterfurt,SC,93612
1767,jerry24@example.net,John,Jackson,North Jason,NM,55968
1768,porterjoel@example.com,Heather,Rivera,West Douglasfort,PR,72221
1769,williamcollins@example.net,Angela,Martinez,Jasonport,VA,76993
1770,gardnermatthew@example.org,Richard,Austin,East Jenniferburgh,CA,28440
1771,victoriajones@example.org,Michelle,Fernandez,Owensville,SD,30936
1772,suzannegardner@example.org,Melissa,Alvarado,Lake Austinport,UT,35366
1773,lauraneal@example.com,Nicole,Jensen,New Maryhaven,WY,66671
1774,swalker@example.org,Joshua,Schroeder,North Saraberg,KS,80907
1775,rjackson@example.com,John,Garrett,Chamberston,WV,41722
1776,jbell@example.com,Jeremy,Strong,North Hannahstad,WI,53871
1777,matthewrogers@example.com,David,Hayes,South Markport,MP,12576
1778,bpeters@example.com,Kevin,Tate,New Davidchester,FL,43525
1779,hsmith@example.org,Diane,Duffy,Gabrielport,SD,41224
1780,rachellopez@example.com,Kaylee,Santiago,South Daniel,WA,95019
1781,jeremy85@example.net,Cynthia,Martin,Lake James,FM,09769
1782,mfreeman@example.net,Deborah,Strickland,New Christopher,MA,89079
1783,danielwebster@example.net,Justin,Tanner,North Tiffanyville,TN,82179
1784,daniel33@example.org,Henry,Taylor,New Jackfort,CA,96240
1785,diana15@example.net,Elizabeth,Benjamin,Michaelstad,OK,40119
1786,reyesaudrey@example.net,Sarah,Jones,Karenchester,NC,78702
1787,walshrick@example.net,Amy,Sanders,New Kyle,MA,22631
1788,mclark@example.com,Nicholas,Vargas,Port Terri,NY,78673
1789,bjackson@example.com,Brooke,Gibson,South Jennastad,NC,99750
1790,flam@example.com,Stephanie,Russell,New John,VA,59984
1791,montgomeryisabella@example.com,Kathy,Smith,Oliverberg,MT,24596
1792,robertsmith@example.net,Kayla,Reed,New Joseview,IA,37720
1793,conwaywayne@example.com,Alan,Cohen,Rebeccaside,CA,57674
1794,hernandezheather@example.org,Steven,Manning,Lake Kristen,NE,08029
1795,ikeith@example.net,Rachel,Anderson,East Chadborough,KS,81097
1796,terricohen@example.org,Daniel,Griffin,East Samuelland,MN,28250
1797,qbruce@example.net,Ashley,Garcia,New Bill,FL,47695
1798,javierwilliams@example.com,Richard,Steele,Christinabury,OH,03670
1799,mary22@example.net,Curtis,Boyd,Dianemouth,WI,82074
1800,sabrinarussell@example.com,Danielle,Paul,South Jennifer,IL,64515
1801,ariel12@example.net,Michael,Johnson,Davishaven,MA,73482
1802,david82@example.net,Craig,Guerrero,Ashleyfurt,LA,59875
1803,thomasalvarado@example.org,Haley,Stewart,East Cindyland,SC,93262
1804,neilcampbell@example.com,Roger,Williams,East Scottmouth,OH,85495
1805,gutierrezchloe@example.org,Ronald,Wise,Monicaberg,TN,32982
1806,halljoseph@example.org,Amanda,Weiss,East Calebland,NV,44041
1807,davidshepherd@example.org,Robert,Parrish,Port Amberland,NY,11415
1808,dennis61@example.com,Patrick,Manning,Andersonshire,HI,33113
1809,nicolerodriguez@example.com,Michelle,Sanford,Kellyville,AR,40463
1810,jbright@example.net,Patricia,Moore,East Teresabury,NM,55263
1811,susanwebb@example.net,Sarah,Hudson,New Kimberly,NE,51029
1812,karenbanks@example.com,Faith,Clark,Kevinberg,OH,58580
1813,lawrencejoseph@example.com,Katelyn,Sawyer,East Lisabury,UT,61623
1814,douglaschad@example.org,David,Villegas,Lake Laura,OR,38444
1815,wallacetommy@example.org,Carolyn,Nguyen,Michaelfort,IN,99299
1816,kristasandoval@example.com,Michael,Holmes,Port Lindastad,PA,12348
1817,theresa01@example.net,David,Miller,Port Sean,WI,48966
1818,waynedavis@example.net,Lori,Martin,New Christinechester,AK,41767
1819,fletcherchristopher@example.com,Courtney,Johnson,Lake Beverlymouth,NY,96050
1820,aguirrejustin@example.org,Kerry,Cox,Vincenttown,AL,73637
1821,scott28@example.net,Mindy,Drake,West Justin,IA,02020
1822,phall@example.com,Matthew,Andrade,Christianfurt,MI,08509
1823,ahughes@example.org,Tommy,Bell,North Veronica,NJ,93684
1824,seth61@example.com,Timothy,Houston,Martinberg,AS,97767
1825,cmcdonald@example.net,Jeffrey,Bishop,Lambertbury,PR,63066
1826,janice39@example.org,Peter,Pineda,Cookbury,GU,41932
1827,tracy42@example.org,Brian,Bentley,North Dominiquestad,MN,90537
1828,william94@example.com,Michael,Bishop,Lewisville,LA,66999
1829,briannajones@example.org,Amy,Greer,Smithchester,NV,88870
1830,suarezmarc@example.net,Angel,Fox,Wolfemouth,DE,30383
1831,kaiserscott@example.org,Melissa,Garcia,South Katherinestad,VI,52040
1832,ianwarner@example.net,Vincent,Valencia,West Antonio,FM,73438
1833,mcclainlisa@example.net,Debbie,Wall,New Melody,ME,05201
1834,coxjessica@example.org,Jonathan,Ford,South Brooke,NE,60693
1835,christopherscott@example.net,Andrea,Dalton,Pamelahaven,NV,26763
1836,hayesholly@example.org,Mary,Gutierrez,Guerraview,PR,33864
1837,dustin95@example.org,Calvin,French,East David,IN,25559
1838,john05@example.net,Crystal,Randall,South Williamview,ID,03908
1839,piercemonica@example.org,Karina,Walker,Leemouth,OR,28548
1840,diane41@example.com,Jennifer,Carter,Port Juanport,UT,48580
1841,ortizchad@example.org,Alexa,Gross,Taylorshire,PW,26169
1842,tracey00@example.com,Robin,Fletcher,East Maria,CO,80212
1843,parkerbianca@example.net,Victoria,Bird,New Thomas,FL,40103
1844,edwardskevin@example.org,Nicole,Lane,Davidville,TN,31747
1845,jwilliams@example.org,Heather,Alvarez,Mackville,PR,85914
1846,oliviasanchez@example.com,Jonathan,Mann,Devonchester,MN,16007
1847,emartin@example.com,Anne,Price,Bowerschester,MS,41145
1848,fryjacob@example.com,William,Clarke,Anthonyport,OH,46881
1849,haasmolly@example.com,Renee,Morales,Johnland,MP,81001
1850,davidmccoy@example.net,Dennis,Richardson,South Suzanne,MD,80453
1851,brian87@example.net,Thomas,Carr,North Johnberg,WA,29140
1852,michaelreilly@example.com,Austin,Barnes,East Emmabury,CO,81309
1853,ericgarcia@example.net,Bethany,Maldonado,Lake Alyssa,IA,38583
1854,marklong@example.net,Juan,Jones,Josechester,RI,07297
1855,mwallace@example.org,Jessica,Hernandez,Wagnerview,FM,52999
1856,qoliver@example.org,Carol,Brown,West Maurice,KY,85607
1857,ngreene@example.org,Kim,Delgado,Ashleyview,FL,17194
1858,bhunt@example.org,Charles,Vargas,West Shelley,UT,64384
1859,aaron11@example.net,Janice,Martin,Johnsonmouth,WV,53581
1860,stephanie84@example.org,Matthew,Jackson,Joseton,AK,46374
1861,melissa46@example.com,Angela,Jackson,Port Zacharyport,IL,98372
1862,browntravis@example.org,Lorraine,Turner,East Angelamouth,GA,09125
1863,jillian75@example.net,James,Hutchinson,North Nicole,FM,59979
1864,hsmith@example.org,Kristina,Huffman,Maldonadomouth,CT,44279
1865,jorge19@example.net,Brooke,Chen,Moonside,DE,52481
1866,spearskatie@example.com,Kristy,Weeks,Danhaven,LA,10171
1867,jamesbryant@example.net,Justin,Paul,New Justin,MO,94257
1868,flane@example.net,Anthony,Walsh,Walkerfort,GA,30398
1869,xturner@example.net,Gavin,Boyer,Danashire,NY,12730
1870,kylegarcia@example.net,Erik,Weeks,South Alexastad,WA,53429
1871,mwallace@example.net,David,Brown,West Tyler,MT,83932
1872,whill@example.net,John,Reynolds,East Traceyport,CO,09721
1873,heidi61@example.com,Jessica,Campbell,Carrietown,MP,01515
1874,williamthompson@example.org,Angela,Garcia,Port Tamiview,PA,67562
1875,joshua19@example.net,Dustin,Ryan,East Jane,MH,50785
1876,dustinsmith@example.org,Andrew,Cline,Lake Jodihaven,GU,17256
1877,courtneyholt@example.org,Grace,Guzman,Philipland,LA,08707
1878,lopezashley@example.net,Dawn,Ayala,Annettechester,SD,10532
1879,ryan69@example.net,Mario,Jones,Mcdonaldland,IL,53541
1880,sray@example.com,Latoya,Sharp,New Mark,DE,21382
1881,mario59@example.net,Andrew,Mullen,North Bruceberg,NM,97555
1882,melissalewis@example.net,Kristin,Miller,Lake Alexandrafort,FM,54161
1883,agarcia@example.net,Chad,Castro,East Nathaniel,IL,90857
1884,laura50@example.org,Rachel,Berry,Davidburgh,MS,77911
1885,jennifermoss@example.org,Ashley,Patrick,South Rebekahborough,TN,16812
1886,annavelazquez@example.org,David,Garrett,Lake Sandra,RI,80253
1887,hsimpson@example.org,Ronald,Greene,Port Patrickport,GU,72004
1888,gomezangela@example.com,Jeanette,Gill,Karenton,CO,67235
1889,bnorton@example.net,Dawn,Thomas,East Amanda,MI,21372
1890,johnsonmichael@example.net,Omar,Harris,New David,SC,49835
1891,grantdana@example.com,Emily,Khan,Angelicaberg,MS,10063
1892,nanderson@example.net,Justin,Gardner,West Amanda,AL,06520
1893,joshuaavila@example.net,Ryan,Scott,Mccormickport,AK,51522
1894,higginsmichelle@example.net,Karen,Perkins,Valenzuelahaven,VI,31938
1895,lhoward@example.org,Randy,Rich,East Brianshire,MO,15709
1896,cwebb@example.com,Paula,Lewis,Michelleport,CA,22992
1897,hudsoncheryl@example.com,Michele,Johnson,Goodmanville,DC,97423
1898,marissajuarez@example.com,Lindsey,Walker,Bellmouth,CA,32023
1899,gonzalezandre@example.org,Ashley,Turner,Williamton,WI,79673
1900,collinsdeborah@example.net,Linda,Clarke,Nancychester,VI,83141
1901,coltonhenderson@example.com,Jonathan,Smith,Abigailport,GA,98795
1902,santosbrandon@example.net,Michael,Powers,South Kimberly,NM,44675
1903,donna02@example.org,Jose,Johnson,New Heidi,MS,96064
1904,uwall@example.org,Joshua,Fry,Lake Robert,KS,50455
1905,xhooper@example.org,Joseph,Wilson,East Steven,VI,20197
1906,regina42@example.net,Deborah,Larson,East Charles,GU,58024
1907,bsutton@example.org,Christine,Dyer,Daltonshire,CA,68555
1908,kristie38@example.com,Kevin,Rogers,Kristenfurt,SD,12845
1909,ywatson@example.net,William,Martinez,Downsmouth,DC,41343
1910,thomaspowers@example.net,Ryan,Little,Burkechester,NE,80311
1911,egarcia@example.com,Christopher,Taylor,New Danielle,ND,43482
1912,qrosales@example.org,Sara,Haynes,West Deannafort,VI,63750
1913,warrendavid@example.com,Darius,Gray,Lake Vanessa,PA,43088
1914,carlosmckee@example.org,Leslie,Perry,Jerrybury,IL,08006
1915,david40@example.com,Lindsey,Brown,New Valerie,DC,45180
1916,zwatts@example.net,Dana,Hart,Mendozaborough,AK,85804
1917,lhiggins@example.net,Tony,Brown,West Jason,RI,46937
1918,gonzalesfrancisco@example.com,Julia,Gutierrez,Lake Tamaramouth,SC,79075
1919,jmcconnell@example.net,Douglas,Ortiz,Nicholasview,RI,22080
1920,pgreene@example.net,Adrian,Lane,South Anafurt,MO,54676
1921,annetterollins@example.com,Michael,Harrison,New Michaelville,DE,98452
1922,vargasjames@example.com,Randy,Wilson,Port Judy,OR,67020
1923,hollandcheryl@example.net,Deanna,Bailey,Lake Susanchester,WV,77466
1924,alfredjones@example.net,Daniel,Hughes,Josephshire,NM,90975
1925,lisa75@example.net,Tiffany,Kelly,Lake Erin,MA,50995
1926,creese@example.org,Bobby,Velez,Lisachester,NH,77649
1927,tylermorrison@example.com,Dustin,Walls,Powersstad,DC,43816
1928,christinathompson@example.net,Sarah,Stewart,North Jacquelinebury,MT,16558
1929,jesusvance@example.org,Jamie,Patton,Michaelborough,SD,03120
1930,vmartinez@example.net,Loretta,Campbell,Port Jessicaville,IL,79346
1931,ishields@example.org,Eric,White,North Edward,NJ,47894
1932,danielleadams@example.net,Brenda,Griffith,Hardyland,VT,49379
1933,feliciadavis@example.com,Carl,Rodriguez,Randymouth,OK,61623
1934,fbrown@example.org,Robert,Carter,Potterport,ME,13624
1935,zburns@example.net,Blake,Ruiz,Evanston,KS,60879
1936,collierrachel@example.net,Brian,Evans,Lake Mistyberg,AL,93140
1937,kennethgonzalez@example.net,Erika,Hale,Lake Jerryburgh,UT,04772
1938,daniel94@example.org,Brenda,Brown,Steeleville,LA,97895
1939,thomas20@example.com,David,Mayo,New Alexandraburgh,MO,15785
1940,samantha26@example.org,Peggy,Hammond,West Shannon,VI,47071
1941,karencook@example.com,William,Hughes,Madelineborough,PW,65579
1942,derekcummings@example.net,Gregory,Ramirez,New Katherine,ID,83882
1943,valerie99@example.com,Devin,Weiss,Michaelhaven,UT,65062
1944,linda58@example.net,Russell,Edwards,Austinstad,FL,78545
1945,davisalan@example.net,Albert,Alvarado,Adammouth,DC,36413
1946,katherine46@example.org,Lauren,Mann,Taylortown,PR,18326
1947,amberlopez@example.com,Kyle,Willis,South Reneeside,OR,64200
1948,vwarren@example.com,Robert,Garcia,Port Cindyhaven,WY,18186
1949,ghudson@example.org,Christopher,Garrett,Fredborough,WY,01057
1950,john65@example.org,Sara,Velasquez,Bairdfurt,AS,90374
1951,paulwoodward@example.net,David,Mullins,New Michaelton,AZ,74826
1952,emily95@example.org,Justin,Padilla,West Chelseaport,RI,51936
1953,evanspeter@example.com,Brenda,Gutierrez,West Jorgeton,SC,47013
1954,whitneyellis@example.com,Pamela,Meyer,South Elizabethville,KS,53276
1955,jasonfoster@example.com,Brian,Myers,Estradaborough,FM,39473
1956,michaelsmith@example.net,Margaret,Keller,East Stephenport,ME,09551
1957,tjohnson@example.com,Richard,Duran,East Kimberly,KS,68885
1958,wreid@example.com,Raymond,Curry,East Ericview,NC,65901
1959,brittanybautista@example.org,John,Williams,Rodriguezport,MH,76628
1960,khurst@example.org,Courtney,Lee,Ronaldfort,ND,67066
1961,gholt@example.com,Angela,House,Wongberg,VA,82960
1962,bradley63@example.org,Manuel,Mckay,New Regina,GA,47023
1963,caseywayne@example.net,Adriana,Walker,Nicoleberg,WA,25146
1964,ethananderson@example.com,Ruben,Watson,Port Christinetown,FM,38921
1965,valerie13@example.com,Melissa,Hernandez,East Timothy,GA,55799
1966,ysmith@example.org,Victoria,Hodges,Williamsborough,MD,92237
1967,bchavez@example.net,Erika,Jackson,Lake Pedro,CT,44623
1968,charlescunningham@example.org,Daniel,Thomas,Lake Christopherberg,FL,69047
1969,tnelson@example.com,James,Brown,Sandraville,DC,56115
1970,anthony17@example.com,Deborah,Morrow,Karenport,ME,22416
1971,khanna@example.org,Joshua,Watkins,Jenniferhaven,PA,13083
1972,paynekathleen@example.com,Lisa,Carroll,Mitchellview,GA,65961
1973,kellykennedy@example.com,Jose,Beck,Christensenland,SD,94717
1974,karen55@example.net,Sharon,Mclean,Robinview,TN,17663
1975,tina51@example.com,Christina,Butler,Cherylport,UT,64854
1976,djohnson@example.net,Robert,Townsend,North Lawrence,FL,77952
1977,jeffreykelly@example.com,Jonathan,Gibson,Youngstad,AS,36078
1978,khanrichard@example.net,Michele,Baker,Lake Brianaside,NY,85921
1979,whitejillian@example.com,Denise,Dominguez,Jacobsburgh,VT,67916
1980,michelle30@example.com,Calvin,Barker,Tammytown,CO,31606
1981,jeffreybartlett@example.net,Richard,Wallace,Carlsonland,OK,65653
1982,juliathompson@example.net,Tamara,Hernandez,Port Mark,RI,72484
1983,laurenjordan@example.org,Sarah,Mills,Laurastad,RI,24955
1984,patricktucker@example.org,Stephanie,Moss,Conwaystad,UT,66315
1985,valerietorres@example.org,Stephanie,Lyons,Lake Laura,IL,15690
1986,alvaradosteven@example.net,Danielle,Brady,Baldwinborough,NH,80464
1987,davidchristopher@example.net,Haley,Anderson,Joshuaside,AS,88158
1988,laurie58@example.net,Thomas,Mitchell,Danielberg,AR,09852
1989,kathryn02@example.org,Jennifer,Robertson,Larafort,GA,11446
1990,cbowman@example.net,Molly,Murray,Port Kathleenton,VT,51147
1991,brandonhaas@example.net,James,Hardin,Port Alison,SD,80405
1992,lamjoseph@example.net,Dominic,Burns,North Alyssa,PW,56981
1993,amber76@example.net,Zachary,Davis,Steveshire,DC,82975
1994,shawnduncan@example.com,Jennifer,Taylor,Mitchellmouth,CA,63910
1995,brandonbrooks@example.com,Richard,Wallace,South Alexisstad,MH,51532
1996,albertrussell@example.com,Diane,Harrison,Kristitown,MS,29044
1997,smithmargaret@example.com,Aaron,Perez,East Angela,ID,61381
1998,hhunt@example.com,Kimberly,Melton,West Ann,DC,56687
1999,elizabethgarcia@example.org,Kenneth,Guerrero,West John,CO,09642
2000,ugillespie@example.org,Jason,Quinn,Lewisborough,CA,34928
2001,foleyalexander@example.com,Albert,Ayala,Perezfurt,WY,31474
